dataset1,dataset2
A1,B1
A2,B2
A3,B3
A4,B4
A5,B5
A6,B6
A7,B7
A8,B8
A9,B9
A10,B10
A11,B11
A12,B12
A13,B13
A14,B14
A15,B15
A16,B16
A17,B17
A18,B18
A19,B19
A20,B20
A21,B21
A22,B22
A23,B23
A24,B24
A25,B25
A26,B26
A27,B27
A28,B28
A29,B29
A30,B30
A31,B31
A32,B32
A33,B33
A34,B34
A35,B35
A36,B36
A37,B37
A38,B38
A39,B39
A40,B40
A41,B41
A42,B42
A43,B43
A44,B44
A45,B45
A46,B46
A47,B47
A48,B48
A49,B49
A50,B50
A51,B51
A52,B52
A53,B53
A54,B54
A55,B55
A56,B56
A57,B57
A58,B58
A59,B59
A60,B60
A61,B61
A62,B62
A63,B63
A64,B64
A65,B65
A66,B66
A67,B67
A68,B68
A69,B69
A70,B70
A71,B71
A72,B72
A73,B73
A74,B74
A75,B75
A76,B76
A77,B77
A78,B78
A79,B79
A91,B91
A92,B92
A93,B93
A94,B94
A95,B95
A96,B96
A97,B97
A98,B98
A99,B99
A100,B100
A101,B101
A102,B102
A103,B103
A104,B104
A105,B105
A106,B106
A107,B107
A108,B108
A109,B109
A110,B110
A111,B111
A112,B112
A113,B113
A114,B114
A115,B115
A116,B116
A117,B117
A118,B118
A119,B119
A120,B120
A121,B121
A122,B122
A123,B123
A124,B124
A125,B125
A126,B126
A127,B127
A128,B128
A129,B129
A130,B130
A131,B131
A132,B132
A133,B133
A134,B134
A135,B135
A136,B136
A137,B137
A138,B138
A139,B139
A140,B140
A141,B141
A142,B142
A143,B143
A144,B144
A145,B145
A146,B146
A147,B147
A148,B148
A149,B149
A150,B150
A151,B151
A152,B152
A153,B153
A154,B154
A155,B155
A156,B156
A157,B157
A158,B158
A159,B159
A160,B160
A161,B161
A162,B162
A163,B163
A164,B164
A165,B165
A166,B166
A167,B167
A168,B168
A169,B169
A170,B170
A171,B171
A172,B172
A173,B173
A174,B174
A175,B175
A176,B176
A177,B177
A178,B178
A179,B179
A180,B180
A181,B181
A182,B182
A183,B183
A184,B184
A185,B185
A186,B186
A187,B187
A188,B188
A189,B189
A190,B190
A191,B191
A192,B192
A193,B193
A194,B194
A195,B195
A196,B196
A197,B197
A198,B198
A199,B199
A200,B200
A201,B201
A202,B202
A203,B203
A204,B204
A205,B205
A206,B206
A207,B207
A208,B208
A209,B209
A210,B210
A211,B211
A212,B212
A213,B213
A214,B214
A215,B215
A216,B216
A217,B217
A218,B218
A219,B219
A220,B220
A221,B221
A222,B222
A223,B223
A224,B224
A225,B225
A226,B226
A227,B227
A228,B228
A229,B229
A230,B230
A231,B231
A232,B232
A233,B233
A234,B234
A235,B235
A236,B236
A237,B237
A238,B238
A239,B239
A240,B240
A241,B241
A242,B242
A243,B243
A244,B244
A245,B245
A246,B246
A247,B247
A248,B248
A249,B249
A250,B250
A251,B251
A252,B252
A253,B253
A254,B254
A255,B255
A256,B256
A257,B257
A258,B258
A259,B259
A260,B260
A261,B261
A262,B262
A263,B263
A264,B264
A265,B265
A266,B266
A267,B267
A268,B268
A269,B269
A270,B270
A271,B271
A272,B272
A273,B273
A274,B274
A275,B275
A276,B276
A277,B277
A278,B278
A279,B279
A280,B280
A281,B281
A282,B282
A283,B283
A284,B284
A285,B285
A286,B286
A287,B287
A288,B288
A289,B289
A290,B290
A291,B291
A292,B292
A293,B293
A294,B294
A295,B295
A296,B296
A297,B297
A298,B298
A299,B299
large_aws/Combo_001.csv,medium/diagonal_001.csv
large_aws/Combo_002.csv,medium/diagonal_001.csv
large_aws/Combo_003.csv,medium/diagonal_001.csv
large_aws/Combo_004.csv,medium/diagonal_001.csv
large_aws/Combo_005.csv,medium/diagonal_001.csv
large_aws/Combo_006.csv,medium/diagonal_001.csv
large_aws/Combo_007.csv,medium/diagonal_001.csv
large_aws/Combo_001.csv,medium/diagonal_002.csv
large_aws/Combo_002.csv,medium/diagonal_002.csv
large_aws/Combo_003.csv,medium/diagonal_002.csv
large_aws/Combo_004.csv,medium/diagonal_002.csv
large_aws/Combo_005.csv,medium/diagonal_002.csv
large_aws/Combo_006.csv,medium/diagonal_002.csv
large_aws/Combo_007.csv,medium/diagonal_002.csv
large_aws/Combo_001.csv,medium/diagonal_003.csv
large_aws/Combo_002.csv,medium/diagonal_003.csv
large_aws/Combo_003.csv,medium/diagonal_003.csv
large_aws/Combo_004.csv,medium/diagonal_003.csv
large_aws/Combo_005.csv,medium/diagonal_003.csv
large_aws/Combo_006.csv,medium/diagonal_003.csv
large_aws/Combo_007.csv,medium/diagonal_003.csv
large_aws/Combo_001.csv,medium/diagonal_004.csv
large_aws/Combo_002.csv,medium/diagonal_004.csv
large_aws/Combo_003.csv,medium/diagonal_004.csv
large_aws/Combo_004.csv,medium/diagonal_004.csv
large_aws/Combo_005.csv,medium/diagonal_004.csv
large_aws/Combo_006.csv,medium/diagonal_004.csv
large_aws/Combo_007.csv,medium/diagonal_004.csv
large_aws/Combo_001.csv,medium/diagonal_005.csv
large_aws/Combo_002.csv,medium/diagonal_005.csv
large_aws/Combo_003.csv,medium/diagonal_005.csv
large_aws/Combo_004.csv,medium/diagonal_005.csv
large_aws/Combo_005.csv,medium/diagonal_005.csv
large_aws/Combo_006.csv,medium/diagonal_005.csv
large_aws/Combo_007.csv,medium/diagonal_005.csv
large_aws/Combo_001.csv,medium/diagonal_006.csv
large_aws/Combo_002.csv,medium/diagonal_006.csv
large_aws/Combo_003.csv,medium/diagonal_006.csv
large_aws/Combo_004.csv,medium/diagonal_006.csv
large_aws/Combo_005.csv,medium/diagonal_006.csv
large_aws/Combo_006.csv,medium/diagonal_006.csv
large_aws/Combo_007.csv,medium/diagonal_006.csv
large_aws/Combo_001.csv,medium/diagonal_007.csv
large_aws/Combo_002.csv,medium/diagonal_007.csv
large_aws/Combo_003.csv,medium/diagonal_007.csv
large_aws/Combo_004.csv,medium/diagonal_007.csv
large_aws/Combo_005.csv,medium/diagonal_007.csv
large_aws/Combo_006.csv,medium/diagonal_007.csv
large_aws/Combo_007.csv,medium/diagonal_007.csv
large_aws/Combo_001.csv,medium/diagonal_008.csv
large_aws/Combo_002.csv,medium/diagonal_008.csv
large_aws/Combo_003.csv,medium/diagonal_008.csv
large_aws/Combo_004.csv,medium/diagonal_008.csv
large_aws/Combo_005.csv,medium/diagonal_008.csv
large_aws/Combo_006.csv,medium/diagonal_008.csv
large_aws/Combo_007.csv,medium/diagonal_008.csv
large_aws/Combo_001.csv,medium/diagonal_009.csv
large_aws/Combo_002.csv,medium/diagonal_009.csv
large_aws/Combo_003.csv,medium/diagonal_009.csv
large_aws/Combo_004.csv,medium/diagonal_009.csv
large_aws/Combo_005.csv,medium/diagonal_009.csv
large_aws/Combo_006.csv,medium/diagonal_009.csv
large_aws/Combo_007.csv,medium/diagonal_009.csv
large_aws/Combo_001.csv,medium/diagonal_010.csv
large_aws/Combo_002.csv,medium/diagonal_010.csv
large_aws/Combo_003.csv,medium/diagonal_010.csv
large_aws/Combo_004.csv,medium/diagonal_010.csv
large_aws/Combo_005.csv,medium/diagonal_010.csv
large_aws/Combo_006.csv,medium/diagonal_010.csv
large_aws/Combo_007.csv,medium/diagonal_010.csv
large_aws/Combo_001.csv,medium/gaussian_001.csv
large_aws/Combo_002.csv,medium/gaussian_001.csv
large_aws/Combo_003.csv,medium/gaussian_001.csv
large_aws/Combo_004.csv,medium/gaussian_001.csv
large_aws/Combo_005.csv,medium/gaussian_001.csv
large_aws/Combo_006.csv,medium/gaussian_001.csv
large_aws/Combo_007.csv,medium/gaussian_001.csv
large_aws/Combo_001.csv,medium/gaussian_002.csv
large_aws/Combo_002.csv,medium/gaussian_002.csv
large_aws/Combo_003.csv,medium/gaussian_002.csv
large_aws/Combo_004.csv,medium/gaussian_002.csv
large_aws/Combo_005.csv,medium/gaussian_002.csv
large_aws/Combo_006.csv,medium/gaussian_002.csv
large_aws/Combo_001.csv,medium/gaussian_003.csv
large_aws/Combo_002.csv,medium/gaussian_003.csv
large_aws/Combo_003.csv,medium/gaussian_003.csv
large_aws/Combo_004.csv,medium/gaussian_003.csv
large_aws/Combo_005.csv,medium/gaussian_003.csv
large_aws/Combo_006.csv,medium/gaussian_003.csv
large_aws/Combo_001.csv,medium/gaussian_004.csv
large_aws/Combo_002.csv,medium/gaussian_004.csv
large_aws/Combo_003.csv,medium/gaussian_004.csv
large_aws/Combo_004.csv,medium/gaussian_004.csv
large_aws/Combo_005.csv,medium/gaussian_004.csv
large_aws/Combo_006.csv,medium/gaussian_004.csv
large_aws/Combo_001.csv,medium/gaussian_005.csv
large_aws/Combo_002.csv,medium/gaussian_005.csv
large_aws/Combo_003.csv,medium/gaussian_005.csv
large_aws/Combo_004.csv,medium/gaussian_005.csv
large_aws/Combo_005.csv,medium/gaussian_005.csv
large_aws/Combo_006.csv,medium/gaussian_005.csv
large_aws/Combo_001.csv,medium/gaussian_006.csv
large_aws/Combo_002.csv,medium/gaussian_006.csv
large_aws/Combo_003.csv,medium/gaussian_006.csv
large_aws/Combo_004.csv,medium/gaussian_006.csv
large_aws/Combo_005.csv,medium/gaussian_006.csv
large_aws/Combo_006.csv,medium/gaussian_006.csv
large_aws/Combo_001.csv,medium/gaussian_007.csv
large_aws/Combo_002.csv,medium/gaussian_007.csv
large_aws/Combo_003.csv,medium/gaussian_007.csv
large_aws/Combo_004.csv,medium/gaussian_007.csv
large_aws/Combo_005.csv,medium/gaussian_007.csv
large_aws/Combo_006.csv,medium/gaussian_007.csv
large_aws/Combo_001.csv,medium/gaussian_008.csv
large_aws/Combo_002.csv,medium/gaussian_008.csv
large_aws/Combo_003.csv,medium/gaussian_008.csv
large_aws/Combo_004.csv,medium/gaussian_008.csv
large_aws/Combo_005.csv,medium/gaussian_008.csv
large_aws/Combo_006.csv,medium/gaussian_008.csv
large_aws/Combo_001.csv,medium/gaussian_009.csv
large_aws/Combo_002.csv,medium/gaussian_009.csv
large_aws/Combo_003.csv,medium/gaussian_009.csv
large_aws/Combo_004.csv,medium/gaussian_009.csv
large_aws/Combo_005.csv,medium/gaussian_009.csv
large_aws/Combo_006.csv,medium/gaussian_009.csv
large_aws/Combo_001.csv,medium/gaussian_010.csv
large_aws/Combo_002.csv,medium/gaussian_010.csv
large_aws/Combo_003.csv,medium/gaussian_010.csv
large_aws/Combo_004.csv,medium/gaussian_010.csv
large_aws/Combo_005.csv,medium/gaussian_010.csv
large_aws/Combo_006.csv,medium/gaussian_010.csv
large_aws/Combo_001.csv,medium/uniform_001.csv
large_aws/Combo_002.csv,medium/uniform_001.csv
large_aws/Combo_003.csv,medium/uniform_001.csv
large_aws/Combo_004.csv,medium/uniform_001.csv
large_aws/Combo_005.csv,medium/uniform_001.csv
large_aws/Combo_006.csv,medium/uniform_001.csv
large_aws/Combo_001.csv,medium/uniform_002.csv
large_aws/Combo_002.csv,medium/uniform_002.csv
large_aws/Combo_003.csv,medium/uniform_002.csv
large_aws/Combo_004.csv,medium/uniform_002.csv
large_aws/Combo_005.csv,medium/uniform_002.csv
large_aws/Combo_006.csv,medium/uniform_002.csv
large_aws/Combo_001.csv,medium/uniform_003.csv
large_aws/Combo_002.csv,medium/uniform_003.csv
large_aws/Combo_003.csv,medium/uniform_003.csv
large_aws/Combo_004.csv,medium/uniform_003.csv
large_aws/Combo_005.csv,medium/uniform_003.csv
large_aws/Combo_006.csv,medium/uniform_003.csv
large_aws/Combo_001.csv,medium/uniform_004.csv
large_aws/Combo_002.csv,medium/uniform_004.csv
large_aws/Combo_003.csv,medium/uniform_004.csv
large_aws/Combo_004.csv,medium/uniform_004.csv
large_aws/Combo_005.csv,medium/uniform_004.csv
large_aws/Combo_006.csv,medium/uniform_004.csv
large_aws/Combo_001.csv,medium/uniform_005.csv
large_aws/Combo_002.csv,medium/uniform_005.csv
large_aws/Combo_003.csv,medium/uniform_005.csv
large_aws/Combo_004.csv,medium/uniform_005.csv
large_aws/Combo_005.csv,medium/uniform_005.csv
large_aws/Combo_006.csv,medium/uniform_005.csv
large_aws/Combo_001.csv,medium/uniform_006.csv
large_aws/Combo_002.csv,medium/uniform_006.csv
large_aws/Combo_003.csv,medium/uniform_006.csv
large_aws/Combo_004.csv,medium/uniform_006.csv
large_aws/Combo_005.csv,medium/uniform_006.csv
large_aws/Combo_006.csv,medium/uniform_006.csv
large_aws/Combo_001.csv,medium/uniform_007.csv
large_aws/Combo_002.csv,medium/uniform_007.csv
large_aws/Combo_003.csv,medium/uniform_007.csv
large_aws/Combo_004.csv,medium/uniform_007.csv
large_aws/Combo_005.csv,medium/uniform_007.csv
large_aws/Combo_006.csv,medium/uniform_007.csv
large_aws/Combo_001.csv,medium/uniform_008.csv
large_aws/Combo_002.csv,medium/uniform_008.csv
large_aws/Combo_003.csv,medium/uniform_008.csv
large_aws/Combo_004.csv,medium/uniform_008.csv
large_aws/Combo_005.csv,medium/uniform_008.csv
large_aws/Combo_006.csv,medium/uniform_008.csv
large_aws/Combo_001.csv,medium/uniform_009.csv
large_aws/Combo_002.csv,medium/uniform_009.csv
large_aws/Combo_003.csv,medium/uniform_009.csv
large_aws/Combo_004.csv,medium/uniform_009.csv
large_aws/Combo_005.csv,medium/uniform_009.csv
large_aws/Combo_006.csv,medium/uniform_009.csv
large_aws/Combo_001.csv,medium/uniform_010.csv
large_aws/Combo_002.csv,medium/uniform_010.csv
large_aws/Combo_003.csv,medium/uniform_010.csv
large_aws/Combo_004.csv,medium/uniform_010.csv
large_aws/Combo_005.csv,medium/uniform_010.csv
large_aws/Combo_006.csv,medium/uniform_010.csv
large_aws/Combo_001.csv,medium/parcel_001.csv
large_aws/Combo_002.csv,medium/parcel_001.csv
large_aws/Combo_003.csv,medium/parcel_001.csv
large_aws/Combo_004.csv,medium/parcel_001.csv
large_aws/Combo_005.csv,medium/parcel_001.csv
large_aws/Combo_006.csv,medium/parcel_001.csv
large_aws/Combo_001.csv,medium/parcel_002.csv
large_aws/Combo_002.csv,medium/parcel_002.csv
large_aws/Combo_003.csv,medium/parcel_002.csv
large_aws/Combo_004.csv,medium/parcel_002.csv
large_aws/Combo_005.csv,medium/parcel_002.csv
large_aws/Combo_006.csv,medium/parcel_002.csv
large_aws/Combo_001.csv,medium/parcel_003.csv
large_aws/Combo_002.csv,medium/parcel_003.csv
large_aws/Combo_003.csv,medium/parcel_003.csv
large_aws/Combo_004.csv,medium/parcel_003.csv
large_aws/Combo_005.csv,medium/parcel_003.csv
large_aws/Combo_006.csv,medium/parcel_003.csv
large_aws/Combo_001.csv,medium/parcel_004.csv
large_aws/Combo_002.csv,medium/parcel_004.csv
large_aws/Combo_003.csv,medium/parcel_004.csv
large_aws/Combo_004.csv,medium/parcel_004.csv
large_aws/Combo_005.csv,medium/parcel_004.csv
large_aws/Combo_006.csv,medium/parcel_004.csv
large_aws/Combo_001.csv,medium/parcel_005.csv
large_aws/Combo_002.csv,medium/parcel_005.csv
large_aws/Combo_003.csv,medium/parcel_005.csv
large_aws/Combo_004.csv,medium/parcel_005.csv
large_aws/Combo_005.csv,medium/parcel_005.csv
large_aws/Combo_006.csv,medium/parcel_005.csv
large_aws/Combo_001.csv,medium/parcel_006.csv
large_aws/Combo_002.csv,medium/parcel_006.csv
large_aws/Combo_003.csv,medium/parcel_006.csv
large_aws/Combo_004.csv,medium/parcel_006.csv
large_aws/Combo_005.csv,medium/parcel_006.csv
large_aws/Combo_006.csv,medium/parcel_006.csv
large_aws/Combo_001.csv,medium/parcel_007.csv
large_aws/Combo_002.csv,medium/parcel_007.csv
large_aws/Combo_003.csv,medium/parcel_007.csv
large_aws/Combo_004.csv,medium/parcel_007.csv
large_aws/Combo_005.csv,medium/parcel_007.csv
large_aws/Combo_006.csv,medium/parcel_007.csv
large_aws/Combo_001.csv,medium/parcel_008.csv
large_aws/Combo_002.csv,medium/parcel_008.csv
large_aws/Combo_003.csv,medium/parcel_008.csv
large_aws/Combo_004.csv,medium/parcel_008.csv
large_aws/Combo_005.csv,medium/parcel_008.csv
large_aws/Combo_006.csv,medium/parcel_008.csv
large_aws/Combo_001.csv,medium/parcel_009.csv
large_aws/Combo_002.csv,medium/parcel_009.csv
large_aws/Combo_003.csv,medium/parcel_009.csv
large_aws/Combo_004.csv,medium/parcel_009.csv
large_aws/Combo_005.csv,medium/parcel_009.csv
large_aws/Combo_006.csv,medium/parcel_009.csv
large_aws/Combo_001.csv,medium/parcel_010.csv
large_aws/Combo_002.csv,medium/parcel_010.csv
large_aws/Combo_003.csv,medium/parcel_010.csv
large_aws/Combo_004.csv,medium/parcel_010.csv
large_aws/Combo_005.csv,medium/parcel_010.csv
large_aws/Combo_006.csv,medium/parcel_010.csv
large_aws/Combo_001.csv,medium/bit_001.csv
large_aws/Combo_002.csv,medium/bit_001.csv
large_aws/Combo_003.csv,medium/bit_001.csv
large_aws/Combo_004.csv,medium/bit_001.csv
large_aws/Combo_005.csv,medium/bit_001.csv
large_aws/Combo_006.csv,medium/bit_001.csv
large_aws/Combo_001.csv,medium/bit_002.csv
large_aws/Combo_002.csv,medium/bit_002.csv
large_aws/Combo_003.csv,medium/bit_002.csv
large_aws/Combo_004.csv,medium/bit_002.csv
large_aws/Combo_005.csv,medium/bit_002.csv
large_aws/Combo_006.csv,medium/bit_002.csv
large_aws/Combo_001.csv,medium/bit_003.csv
large_aws/Combo_002.csv,medium/bit_003.csv
large_aws/Combo_003.csv,medium/bit_003.csv
large_aws/Combo_004.csv,medium/bit_003.csv
large_aws/Combo_005.csv,medium/bit_003.csv
large_aws/Combo_006.csv,medium/bit_003.csv
large_aws/Combo_001.csv,medium/bit_004.csv
large_aws/Combo_002.csv,medium/bit_004.csv
large_aws/Combo_003.csv,medium/bit_004.csv
large_aws/Combo_004.csv,medium/bit_004.csv
large_aws/Combo_005.csv,medium/bit_004.csv
large_aws/Combo_006.csv,medium/bit_004.csv
large_aws/Combo_001.csv,medium/bit_005.csv
large_aws/Combo_002.csv,medium/bit_005.csv
large_aws/Combo_003.csv,medium/bit_005.csv
large_aws/Combo_004.csv,medium/bit_005.csv
large_aws/Combo_005.csv,medium/bit_005.csv
large_aws/Combo_006.csv,medium/bit_005.csv
large_aws/Combo_001.csv,medium/bit_006.csv
large_aws/Combo_002.csv,medium/bit_006.csv
large_aws/Combo_003.csv,medium/bit_006.csv
large_aws/Combo_004.csv,medium/bit_006.csv
large_aws/Combo_005.csv,medium/bit_006.csv
large_aws/Combo_006.csv,medium/bit_006.csv
large_aws/Combo_001.csv,medium/bit_007.csv
large_aws/Combo_002.csv,medium/bit_007.csv
large_aws/Combo_003.csv,medium/bit_007.csv
large_aws/Combo_004.csv,medium/bit_007.csv
large_aws/Combo_005.csv,medium/bit_007.csv
large_aws/Combo_006.csv,medium/bit_007.csv
large_aws/Combo_001.csv,medium/bit_008.csv
large_aws/Combo_002.csv,medium/bit_008.csv
large_aws/Combo_003.csv,medium/bit_008.csv
large_aws/Combo_004.csv,medium/bit_008.csv
large_aws/Combo_005.csv,medium/bit_008.csv
large_aws/Combo_006.csv,medium/bit_008.csv
large_aws/Combo_001.csv,medium/bit_009.csv
large_aws/Combo_002.csv,medium/bit_009.csv
large_aws/Combo_003.csv,medium/bit_009.csv
large_aws/Combo_004.csv,medium/bit_009.csv
large_aws/Combo_005.csv,medium/bit_009.csv
large_aws/Combo_006.csv,medium/bit_009.csv
large_aws/Combo_001.csv,medium/bit_010.csv
large_aws/Combo_002.csv,medium/bit_010.csv
large_aws/Combo_003.csv,medium/bit_010.csv
large_aws/Combo_004.csv,medium/bit_010.csv
large_aws/Combo_005.csv,medium/bit_010.csv
large_aws/Combo_006.csv,medium/bit_010.csv
OSM2015_buildings_data_big_02.csv,OSM2015_lakes_data_big_05.csv
OSM2015_buildings_data_big_02.csv,OSM2015_lakes_data_big_06.csv
OSM2015_buildings_data_big_02.csv,OSM2015_parks_data_big_02.csv
OSM2015_buildings_data_big_02.csv,OSM2015_roads_data_big_01.csv
OSM2015_buildings_data_big_02.csv,OSM2015_roads_data_big_02.csv
OSM2015_buildings_data_big_02.csv,TIGER2017_LINEARWATER_data_big_17.csv
OSM2015_buildings_data_big_02.csv,TIGER2017_LINEARWATER_data_big_18.csv
OSM2015_buildings_data_big_02.csv,TIGER2017_LINEARWATER_data_big_22.csv
OSM2015_buildings_data_big_02.csv,TIGER2017_LINEARWATER_data_big_23.csv
OSM2015_buildings_data_big_02.csv,TIGER2018_EDGES_data_big_02.csv
OSM2015_buildings_data_big_02.csv,TIGER2018_EDGES_data_big_03.csv
OSM2015_buildings_data_big_02.csv,TIGER2018_EDGES_data_big_04.csv
OSM2015_buildings_data_big_02.csv,TIGER2018_EDGES_data_big_08.csv
OSM2015_buildings_data_big_02.csv,TIGER2018_EDGES_data_big_09.csv
OSM2015_buildings_data_big_02.csv,TIGER2018_EDGES_data_big_10.csv
OSM2015_buildings_data_big_02.csv,TIGER2018_EDGES_data_big_14.csv
OSM2015_buildings_data_big_02.csv,TIGER2018_EDGES_data_big_15.csv
OSM2015_buildings_data_big_02.csv,TIGER2018_EDGES_data_big_16.csv
OSM2015_buildings_data_big_02.csv,TIGER2018_EDGES_data_big_19.csv
OSM2015_buildings_data_big_02.csv,TIGER2018_EDGES_data_big_20.csv
OSM2015_buildings_data_big_02.csv,TIGER2018_EDGES_data_big_21.csv
OSM2015_buildings_data_big_02.csv,TIGER2018_EDGES_data_big_22.csv
OSM2015_buildings_data_big_02.csv,TIGER2018_EDGES_data_big_27.csv
OSM2015_buildings_data_big_02.csv,TIGER2018_EDGES_data_big_28.csv
OSM2015_buildings_data_big_02.csv,TIGER2018_FACES_data_big_02.csv
OSM2015_buildings_data_big_02.csv,TIGER2018_FACES_data_big_03.csv
OSM2015_buildings_data_big_02.csv,TIGER2018_FACES_data_big_04.csv
OSM2015_buildings_data_big_02.csv,TIGER2018_FACES_data_big_09.csv
OSM2015_buildings_data_big_02.csv,TIGER2018_FACES_data_big_10.csv
OSM2015_buildings_data_big_02.csv,TIGER2018_FACES_data_big_11.csv
OSM2015_buildings_data_big_02.csv,TIGER2018_FACES_data_big_16.csv
OSM2015_buildings_data_big_02.csv,TIGER2018_FACES_data_big_17.csv
OSM2015_buildings_data_big_02.csv,TIGER2018_FACES_data_big_18.csv
OSM2015_buildings_data_big_02.csv,TIGER2018_FACES_data_big_23.csv
OSM2015_buildings_data_big_02.csv,TIGER2018_FACES_data_big_24.csv
OSM2015_buildings_data_big_02.csv,TIGER2018_FACES_data_big_25.csv
OSM2015_buildings_data_big_02.csv,TIGER2018_FACES_data_big_31.csv
OSM2015_buildings_data_big_02.csv,TIGER2018_FACES_data_big_32.csv
OSM2015_buildings_data_big_03.csv,OSM2015_parks_data_big_02.csv
OSM2015_buildings_data_big_03.csv,OSM2015_parks_data_big_03.csv
OSM2015_buildings_data_big_03.csv,OSM2015_roads_data_big_02.csv
OSM2015_buildings_data_big_03.csv,OSM2015_roads_data_big_03.csv
OSM2015_buildings_data_big_03.csv,TIGER2017_LINEARWATER_data_big_18.csv
OSM2015_buildings_data_big_03.csv,TIGER2017_LINEARWATER_data_big_23.csv
OSM2015_buildings_data_big_03.csv,TIGER2018_EDGES_data_big_04.csv
OSM2015_buildings_data_big_03.csv,TIGER2018_EDGES_data_big_05.csv
OSM2015_buildings_data_big_03.csv,TIGER2018_EDGES_data_big_10.csv
OSM2015_buildings_data_big_03.csv,TIGER2018_EDGES_data_big_11.csv
OSM2015_buildings_data_big_03.csv,TIGER2018_EDGES_data_big_16.csv
OSM2015_buildings_data_big_03.csv,TIGER2018_EDGES_data_big_17.csv
OSM2015_buildings_data_big_03.csv,TIGER2018_EDGES_data_big_22.csv
OSM2015_buildings_data_big_03.csv,TIGER2018_EDGES_data_big_28.csv
OSM2015_buildings_data_big_03.csv,TIGER2018_EDGES_data_big_34.csv
OSM2015_buildings_data_big_03.csv,TIGER2018_EDGES_data_big_35.csv
OSM2015_buildings_data_big_03.csv,TIGER2018_FACES_data_big_04.csv
OSM2015_buildings_data_big_03.csv,TIGER2018_FACES_data_big_05.csv
OSM2015_buildings_data_big_03.csv,TIGER2018_FACES_data_big_06.csv
OSM2015_buildings_data_big_03.csv,TIGER2018_FACES_data_big_11.csv
OSM2015_buildings_data_big_03.csv,TIGER2018_FACES_data_big_12.csv
OSM2015_buildings_data_big_03.csv,TIGER2018_FACES_data_big_13.csv
OSM2015_buildings_data_big_03.csv,TIGER2018_FACES_data_big_18.csv
OSM2015_buildings_data_big_03.csv,TIGER2018_FACES_data_big_19.csv
OSM2015_buildings_data_big_03.csv,TIGER2018_FACES_data_big_20.csv
OSM2015_buildings_data_big_03.csv,TIGER2018_FACES_data_big_25.csv
OSM2015_buildings_data_big_03.csv,TIGER2018_FACES_data_big_26.csv
OSM2015_buildings_data_big_03.csv,TIGER2018_FACES_data_big_32.csv
OSM2015_buildings_data_big_03.csv,TIGER2018_FACES_data_big_33.csv
OSM2015_buildings_data_big_03.csv,TIGER2018_FACES_data_big_40.csv
OSM2015_buildings_data_big_03.csv,TIGER2018_FACES_data_big_41.csv
OSM2015_buildings_data_big_12.csv,OSM2015_roads_data_big_10.csv
OSM2015_buildings_data_big_12.csv,OSM2015_roads_data_big_11.csv
OSM2015_buildings_data_big_15_09.csv,OSM2015_lakes_data_big_10.csv
OSM2015_buildings_data_big_15_09.csv,OSM2015_parks_data_big_07.csv
OSM2015_buildings_data_big_15_09.csv,OSM2015_parks_data_big_12.csv
OSM2015_buildings_data_big_15_09.csv,OSM2015_roads_data_big_12.csv
OSM2015_buildings_data_big_15_09.csv,OSM2015_roads_data_big_13.csv
OSM2015_buildings_data_big_15_10.csv,OSM2015_lakes_data_big_10.csv
OSM2015_buildings_data_big_15_10.csv,OSM2015_parks_data_big_07.csv
OSM2015_buildings_data_big_15_10.csv,OSM2015_parks_data_big_08.csv
OSM2015_buildings_data_big_15_10.csv,OSM2015_parks_data_big_12.csv
OSM2015_buildings_data_big_15_10.csv,OSM2015_parks_data_big_13.csv
OSM2015_buildings_data_big_15_10.csv,OSM2015_roads_data_big_13.csv
OSM2015_buildings_data_big_15_11.csv,OSM2015_lakes_data_big_10.csv
OSM2015_buildings_data_big_15_11.csv,OSM2015_parks_data_big_08.csv
OSM2015_buildings_data_big_15_11.csv,OSM2015_parks_data_big_13.csv
OSM2015_buildings_data_big_15_11.csv,OSM2015_roads_data_big_13.csv
OSM2015_buildings_data_big_15_13.csv,OSM2015_lakes_data_big_10.csv
OSM2015_buildings_data_big_15_13.csv,OSM2015_parks_data_big_12.csv
OSM2015_buildings_data_big_15_13.csv,OSM2015_roads_data_big_12.csv
OSM2015_buildings_data_big_15_13.csv,OSM2015_roads_data_big_13.csv
OSM2015_buildings_data_big_15_14.csv,OSM2015_lakes_data_big_10.csv
OSM2015_buildings_data_big_15_14.csv,OSM2015_parks_data_big_12.csv
OSM2015_buildings_data_big_15_14.csv,OSM2015_parks_data_big_13.csv
OSM2015_buildings_data_big_15_14.csv,OSM2015_roads_data_big_13.csv
OSM2015_buildings_data_big_15_15.csv,OSM2015_lakes_data_big_10.csv
OSM2015_buildings_data_big_15_15.csv,OSM2015_parks_data_big_13.csv
OSM2015_buildings_data_big_15_15.csv,OSM2015_roads_data_big_13.csv
OSM2015_lakes_data_big_05.csv,OSM2015_parks_data_big_02.csv
OSM2015_lakes_data_big_05.csv,OSM2015_roads_data_big_00.csv
OSM2015_lakes_data_big_05.csv,OSM2015_roads_data_big_01.csv
OSM2015_lakes_data_big_05.csv,OSM2015_roads_data_big_02.csv
OSM2015_lakes_data_big_05.csv,TIGER2017_LINEARWATER_data_big_17.csv
OSM2015_lakes_data_big_05.csv,TIGER2017_LINEARWATER_data_big_22.csv
OSM2015_lakes_data_big_05.csv,TIGER2018_EDGES_data_big_02.csv
OSM2015_lakes_data_big_05.csv,TIGER2018_EDGES_data_big_03.csv
OSM2015_lakes_data_big_05.csv,TIGER2018_EDGES_data_big_08.csv
OSM2015_lakes_data_big_05.csv,TIGER2018_EDGES_data_big_09.csv
OSM2015_lakes_data_big_05.csv,TIGER2018_EDGES_data_big_14.csv
OSM2015_lakes_data_big_05.csv,TIGER2018_EDGES_data_big_15.csv
OSM2015_lakes_data_big_05.csv,TIGER2018_EDGES_data_big_19.csv
OSM2015_lakes_data_big_05.csv,TIGER2018_EDGES_data_big_20.csv
OSM2015_lakes_data_big_05.csv,TIGER2018_EDGES_data_big_21.csv
OSM2015_lakes_data_big_05.csv,TIGER2018_EDGES_data_big_27.csv
OSM2015_lakes_data_big_05.csv,TIGER2018_FACES_data_big_02.csv
OSM2015_lakes_data_big_05.csv,TIGER2018_FACES_data_big_03.csv
OSM2015_lakes_data_big_05.csv,TIGER2018_FACES_data_big_09.csv
OSM2015_lakes_data_big_05.csv,TIGER2018_FACES_data_big_10.csv
OSM2015_lakes_data_big_05.csv,TIGER2018_FACES_data_big_16.csv
OSM2015_lakes_data_big_05.csv,TIGER2018_FACES_data_big_17.csv
OSM2015_lakes_data_big_05.csv,TIGER2018_FACES_data_big_23.csv
OSM2015_lakes_data_big_05.csv,TIGER2018_FACES_data_big_24.csv
OSM2015_lakes_data_big_05.csv,TIGER2018_FACES_data_big_31.csv
OSM2015_lakes_data_big_06.csv,OSM2015_buildings_data_big_03.csv
OSM2015_lakes_data_big_06.csv,OSM2015_parks_data_big_02.csv
OSM2015_lakes_data_big_06.csv,OSM2015_parks_data_big_03.csv
OSM2015_lakes_data_big_06.csv,OSM2015_parks_data_big_08.csv
OSM2015_lakes_data_big_06.csv,OSM2015_roads_data_big_02.csv
OSM2015_lakes_data_big_06.csv,OSM2015_roads_data_big_03.csv
OSM2015_lakes_data_big_06.csv,TIGER2017_LINEARWATER_data_big_17.csv
OSM2015_lakes_data_big_06.csv,TIGER2017_LINEARWATER_data_big_18.csv
OSM2015_lakes_data_big_06.csv,TIGER2017_LINEARWATER_data_big_22.csv
OSM2015_lakes_data_big_06.csv,TIGER2017_LINEARWATER_data_big_23.csv
OSM2015_lakes_data_big_06.csv,TIGER2018_EDGES_data_big_03.csv
OSM2015_lakes_data_big_06.csv,TIGER2018_EDGES_data_big_04.csv
OSM2015_lakes_data_big_06.csv,TIGER2018_EDGES_data_big_05.csv
OSM2015_lakes_data_big_06.csv,TIGER2018_EDGES_data_big_09.csv
OSM2015_lakes_data_big_06.csv,TIGER2018_EDGES_data_big_10.csv
OSM2015_lakes_data_big_06.csv,TIGER2018_EDGES_data_big_11.csv
OSM2015_lakes_data_big_06.csv,TIGER2018_EDGES_data_big_15.csv
OSM2015_lakes_data_big_06.csv,TIGER2018_EDGES_data_big_16.csv
OSM2015_lakes_data_big_06.csv,TIGER2018_EDGES_data_big_17.csv
OSM2015_lakes_data_big_06.csv,TIGER2018_EDGES_data_big_21.csv
OSM2015_lakes_data_big_06.csv,TIGER2018_EDGES_data_big_22.csv
OSM2015_lakes_data_big_06.csv,TIGER2018_EDGES_data_big_27.csv
OSM2015_lakes_data_big_06.csv,TIGER2018_EDGES_data_big_28.csv
OSM2015_lakes_data_big_06.csv,TIGER2018_EDGES_data_big_34.csv
OSM2015_lakes_data_big_06.csv,TIGER2018_EDGES_data_big_35.csv
OSM2015_lakes_data_big_06.csv,TIGER2018_FACES_data_big_03.csv
OSM2015_lakes_data_big_06.csv,TIGER2018_FACES_data_big_04.csv
OSM2015_lakes_data_big_06.csv,TIGER2018_FACES_data_big_05.csv
OSM2015_lakes_data_big_06.csv,TIGER2018_FACES_data_big_06.csv
OSM2015_lakes_data_big_06.csv,TIGER2018_FACES_data_big_10.csv
OSM2015_lakes_data_big_06.csv,TIGER2018_FACES_data_big_11.csv
OSM2015_lakes_data_big_06.csv,TIGER2018_FACES_data_big_12.csv
OSM2015_lakes_data_big_06.csv,TIGER2018_FACES_data_big_13.csv
OSM2015_lakes_data_big_06.csv,TIGER2018_FACES_data_big_17.csv
OSM2015_lakes_data_big_06.csv,TIGER2018_FACES_data_big_18.csv
OSM2015_lakes_data_big_06.csv,TIGER2018_FACES_data_big_19.csv
OSM2015_lakes_data_big_06.csv,TIGER2018_FACES_data_big_20.csv
OSM2015_lakes_data_big_06.csv,TIGER2018_FACES_data_big_24.csv
OSM2015_lakes_data_big_06.csv,TIGER2018_FACES_data_big_25.csv
OSM2015_lakes_data_big_06.csv,TIGER2018_FACES_data_big_26.csv
OSM2015_lakes_data_big_06.csv,TIGER2018_FACES_data_big_31.csv
OSM2015_lakes_data_big_06.csv,TIGER2018_FACES_data_big_32.csv
OSM2015_lakes_data_big_06.csv,TIGER2018_FACES_data_big_33.csv
OSM2015_lakes_data_big_06.csv,TIGER2018_FACES_data_big_40.csv
OSM2015_lakes_data_big_06.csv,TIGER2018_FACES_data_big_41.csv
OSM2015_lakes_data_big_07.csv,OSM2015_parks_data_big_03.csv
OSM2015_lakes_data_big_07.csv,OSM2015_parks_data_big_08.csv
OSM2015_lakes_data_big_07.csv,OSM2015_roads_data_big_03.csv
OSM2015_lakes_data_big_10.csv,OSM2015_buildings_data_big_14.csv
OSM2015_lakes_data_big_10.csv,OSM2015_buildings_data_big_15_05.csv
OSM2015_lakes_data_big_10.csv,OSM2015_buildings_data_big_15_06.csv
OSM2015_lakes_data_big_10.csv,OSM2015_buildings_data_big_16.csv
OSM2015_lakes_data_big_10.csv,OSM2015_buildings_data_big_21.csv
OSM2015_lakes_data_big_10.csv,OSM2015_buildings_data_big_22.csv
OSM2015_lakes_data_big_10.csv,OSM2015_parks_data_big_07.csv
OSM2015_lakes_data_big_10.csv,OSM2015_parks_data_big_08.csv
OSM2015_lakes_data_big_10.csv,OSM2015_parks_data_big_12.csv
OSM2015_lakes_data_big_10.csv,OSM2015_parks_data_big_13.csv
OSM2015_lakes_data_big_10.csv,OSM2015_roads_data_big_12.csv
OSM2015_lakes_data_big_10.csv,OSM2015_roads_data_big_13.csv
OSM2015_lakes_data_big_10.csv,OSM2015_roads_data_big_17.csv
OSM2015_lakes_data_big_10.csv,OSM2015_roads_data_big_18.csv
OSM2015_lakes_data_big_11.csv,OSM2015_buildings_data_big_16.csv
OSM2015_lakes_data_big_11.csv,OSM2015_buildings_data_big_22.csv
OSM2015_lakes_data_big_11.csv,OSM2015_parks_data_big_08.csv
OSM2015_lakes_data_big_11.csv,OSM2015_parks_data_big_13.csv
OSM2015_lakes_data_big_11.csv,OSM2015_roads_data_big_13.csv
OSM2015_lakes_data_big_11.csv,OSM2015_roads_data_big_18.csv
OSM2015_lakes_data_big_13.csv,OSM2015_parks_data_big_12.csv
OSM2015_lakes_data_big_13.csv,OSM2015_roads_data_big_17.csv
OSM2015_lakes_data_big_13.csv,OSM2015_roads_data_big_21.csv
OSM2015_lakes_data_big_13.csv,OSM2015_roads_data_big_22.csv
OSM2015_lakes_data_big_14.csv,OSM2015_buildings_data_big_21.csv
OSM2015_lakes_data_big_14.csv,OSM2015_buildings_data_big_22.csv
OSM2015_lakes_data_big_14.csv,OSM2015_parks_data_big_12.csv
OSM2015_lakes_data_big_14.csv,OSM2015_parks_data_big_13.csv
OSM2015_lakes_data_big_14.csv,OSM2015_parks_data_big_18.csv
OSM2015_lakes_data_big_14.csv,OSM2015_roads_data_big_17.csv
OSM2015_lakes_data_big_14.csv,OSM2015_roads_data_big_18.csv
OSM2015_lakes_data_big_14.csv,OSM2015_roads_data_big_22.csv
OSM2015_lakes_data_big_15.csv,OSM2015_buildings_data_big_22.csv
OSM2015_lakes_data_big_15.csv,OSM2015_parks_data_big_13.csv
OSM2015_lakes_data_big_15.csv,OSM2015_parks_data_big_18.csv
OSM2015_lakes_data_big_15.csv,OSM2015_roads_data_big_18.csv
OSM2015_parks_data_big_02.csv,OSM2015_roads_data_big_02.csv
OSM2015_parks_data_big_02.csv,OSM2015_roads_data_big_03.csv
OSM2015_parks_data_big_02.csv,TIGER2017_LINEARWATER_data_big_17.csv
OSM2015_parks_data_big_02.csv,TIGER2017_LINEARWATER_data_big_18.csv
OSM2015_parks_data_big_02.csv,TIGER2017_LINEARWATER_data_big_22.csv
OSM2015_parks_data_big_02.csv,TIGER2017_LINEARWATER_data_big_23.csv
OSM2015_parks_data_big_02.csv,TIGER2018_EDGES_data_big_02.csv
OSM2015_parks_data_big_02.csv,TIGER2018_EDGES_data_big_03.csv
OSM2015_parks_data_big_02.csv,TIGER2018_EDGES_data_big_04.csv
OSM2015_parks_data_big_02.csv,TIGER2018_EDGES_data_big_05.csv
OSM2015_parks_data_big_02.csv,TIGER2018_EDGES_data_big_08.csv
OSM2015_parks_data_big_02.csv,TIGER2018_EDGES_data_big_09.csv
OSM2015_parks_data_big_02.csv,TIGER2018_EDGES_data_big_10.csv
OSM2015_parks_data_big_02.csv,TIGER2018_EDGES_data_big_11.csv
OSM2015_parks_data_big_02.csv,TIGER2018_EDGES_data_big_14.csv
OSM2015_parks_data_big_02.csv,TIGER2018_EDGES_data_big_15.csv
OSM2015_parks_data_big_02.csv,TIGER2018_EDGES_data_big_16.csv
OSM2015_parks_data_big_02.csv,TIGER2018_EDGES_data_big_17.csv
OSM2015_parks_data_big_02.csv,TIGER2018_EDGES_data_big_20.csv
OSM2015_parks_data_big_02.csv,TIGER2018_EDGES_data_big_21.csv
OSM2015_parks_data_big_02.csv,TIGER2018_EDGES_data_big_22.csv
OSM2015_parks_data_big_02.csv,TIGER2018_EDGES_data_big_27.csv
OSM2015_parks_data_big_02.csv,TIGER2018_EDGES_data_big_28.csv
OSM2015_parks_data_big_02.csv,TIGER2018_EDGES_data_big_34.csv
OSM2015_parks_data_big_02.csv,TIGER2018_EDGES_data_big_35.csv
OSM2015_parks_data_big_02.csv,TIGER2018_FACES_data_big_02.csv
OSM2015_parks_data_big_02.csv,TIGER2018_FACES_data_big_03.csv
OSM2015_parks_data_big_02.csv,TIGER2018_FACES_data_big_04.csv
OSM2015_parks_data_big_02.csv,TIGER2018_FACES_data_big_05.csv
OSM2015_parks_data_big_02.csv,TIGER2018_FACES_data_big_06.csv
OSM2015_parks_data_big_02.csv,TIGER2018_FACES_data_big_09.csv
OSM2015_parks_data_big_02.csv,TIGER2018_FACES_data_big_10.csv
OSM2015_parks_data_big_02.csv,TIGER2018_FACES_data_big_11.csv
OSM2015_parks_data_big_02.csv,TIGER2018_FACES_data_big_12.csv
OSM2015_parks_data_big_02.csv,TIGER2018_FACES_data_big_13.csv
OSM2015_parks_data_big_02.csv,TIGER2018_FACES_data_big_16.csv
OSM2015_parks_data_big_02.csv,TIGER2018_FACES_data_big_17.csv
OSM2015_parks_data_big_02.csv,TIGER2018_FACES_data_big_18.csv
OSM2015_parks_data_big_02.csv,TIGER2018_FACES_data_big_19.csv
OSM2015_parks_data_big_02.csv,TIGER2018_FACES_data_big_20.csv
OSM2015_parks_data_big_02.csv,TIGER2018_FACES_data_big_23.csv
OSM2015_parks_data_big_02.csv,TIGER2018_FACES_data_big_24.csv
OSM2015_parks_data_big_02.csv,TIGER2018_FACES_data_big_25.csv
OSM2015_parks_data_big_02.csv,TIGER2018_FACES_data_big_26.csv
OSM2015_parks_data_big_02.csv,TIGER2018_FACES_data_big_31.csv
OSM2015_parks_data_big_02.csv,TIGER2018_FACES_data_big_32.csv
OSM2015_parks_data_big_02.csv,TIGER2018_FACES_data_big_33.csv
OSM2015_parks_data_big_02.csv,TIGER2018_FACES_data_big_40.csv
OSM2015_parks_data_big_02.csv,TIGER2018_FACES_data_big_41.csv
OSM2015_parks_data_big_03.csv,OSM2015_roads_data_big_03.csv
OSM2015_parks_data_big_03.csv,TIGER2017_LINEARWATER_data_big_18.csv
OSM2015_parks_data_big_03.csv,TIGER2017_LINEARWATER_data_big_23.csv
OSM2015_parks_data_big_03.csv,TIGER2018_EDGES_data_big_05.csv
OSM2015_parks_data_big_03.csv,TIGER2018_EDGES_data_big_11.csv
OSM2015_parks_data_big_03.csv,TIGER2018_EDGES_data_big_17.csv
OSM2015_parks_data_big_03.csv,TIGER2018_EDGES_data_big_35.csv
OSM2015_parks_data_big_03.csv,TIGER2018_FACES_data_big_06.csv
OSM2015_parks_data_big_03.csv,TIGER2018_FACES_data_big_13.csv
OSM2015_parks_data_big_03.csv,TIGER2018_FACES_data_big_20.csv
OSM2015_parks_data_big_03.csv,TIGER2018_FACES_data_big_41.csv
OSM2015_parks_data_big_07.csv,OSM2015_buildings_data_big_14.csv
OSM2015_parks_data_big_07.csv,OSM2015_buildings_data_big_15_05.csv
OSM2015_parks_data_big_07.csv,OSM2015_buildings_data_big_15_06.csv
OSM2015_parks_data_big_07.csv,OSM2015_roads_data_big_12.csv
OSM2015_parks_data_big_07.csv,OSM2015_roads_data_big_13.csv
OSM2015_parks_data_big_08.csv,OSM2015_buildings_data_big_15_06.csv
OSM2015_parks_data_big_08.csv,OSM2015_buildings_data_big_16.csv
OSM2015_parks_data_big_08.csv,OSM2015_roads_data_big_13.csv
OSM2015_parks_data_big_12.csv,OSM2015_buildings_data_big_14.csv
OSM2015_parks_data_big_12.csv,OSM2015_buildings_data_big_21.csv
OSM2015_parks_data_big_12.csv,OSM2015_roads_data_big_12.csv
OSM2015_parks_data_big_12.csv,OSM2015_roads_data_big_13.csv
OSM2015_parks_data_big_12.csv,OSM2015_roads_data_big_17.csv
OSM2015_parks_data_big_12.csv,OSM2015_roads_data_big_18.csv
OSM2015_parks_data_big_13.csv,OSM2015_buildings_data_big_16.csv
OSM2015_parks_data_big_13.csv,OSM2015_buildings_data_big_21.csv
OSM2015_parks_data_big_13.csv,OSM2015_buildings_data_big_22.csv
OSM2015_parks_data_big_13.csv,OSM2015_roads_data_big_13.csv
OSM2015_parks_data_big_13.csv,OSM2015_roads_data_big_18.csv
OSM2015_parks_data_big_18.csv,OSM2015_buildings_data_big_21.csv
OSM2015_parks_data_big_18.csv,OSM2015_buildings_data_big_22.csv
OSM2015_parks_data_big_18.csv,OSM2015_roads_data_big_18.csv
OSM2015_roads_data_big_01.csv,TIGER2017_LINEARWATER_data_big_17.csv
OSM2015_roads_data_big_01.csv,TIGER2017_LINEARWATER_data_big_22.csv
OSM2015_roads_data_big_01.csv,TIGER2018_EDGES_data_big_08.csv
OSM2015_roads_data_big_01.csv,TIGER2018_EDGES_data_big_19.csv
OSM2015_roads_data_big_01.csv,TIGER2018_EDGES_data_big_20.csv
OSM2015_roads_data_big_01.csv,TIGER2018_FACES_data_big_09.csv
OSM2015_roads_data_big_01.csv,TIGER2018_FACES_data_big_23.csv
OSM2015_roads_data_big_02.csv,TIGER2017_LINEARWATER_data_big_17.csv
OSM2015_roads_data_big_02.csv,TIGER2017_LINEARWATER_data_big_18.csv
OSM2015_roads_data_big_02.csv,TIGER2017_LINEARWATER_data_big_22.csv
OSM2015_roads_data_big_02.csv,TIGER2017_LINEARWATER_data_big_23.csv
OSM2015_roads_data_big_02.csv,TIGER2018_EDGES_data_big_02.csv
OSM2015_roads_data_big_02.csv,TIGER2018_EDGES_data_big_03.csv
OSM2015_roads_data_big_02.csv,TIGER2018_EDGES_data_big_04.csv
OSM2015_roads_data_big_02.csv,TIGER2018_EDGES_data_big_05.csv
OSM2015_roads_data_big_02.csv,TIGER2018_EDGES_data_big_08.csv
OSM2015_roads_data_big_02.csv,TIGER2018_EDGES_data_big_09.csv
OSM2015_roads_data_big_02.csv,TIGER2018_EDGES_data_big_10.csv
OSM2015_roads_data_big_02.csv,TIGER2018_EDGES_data_big_11.csv
OSM2015_roads_data_big_02.csv,TIGER2018_EDGES_data_big_14.csv
OSM2015_roads_data_big_02.csv,TIGER2018_EDGES_data_big_15.csv
OSM2015_roads_data_big_02.csv,TIGER2018_EDGES_data_big_16.csv
OSM2015_roads_data_big_02.csv,TIGER2018_EDGES_data_big_17.csv
OSM2015_roads_data_big_02.csv,TIGER2018_EDGES_data_big_20.csv
OSM2015_roads_data_big_02.csv,TIGER2018_EDGES_data_big_21.csv
OSM2015_roads_data_big_02.csv,TIGER2018_EDGES_data_big_22.csv
OSM2015_roads_data_big_02.csv,TIGER2018_EDGES_data_big_27.csv
OSM2015_roads_data_big_02.csv,TIGER2018_EDGES_data_big_28.csv
OSM2015_roads_data_big_02.csv,TIGER2018_EDGES_data_big_34.csv
OSM2015_roads_data_big_02.csv,TIGER2018_EDGES_data_big_35.csv
OSM2015_roads_data_big_02.csv,TIGER2018_FACES_data_big_02.csv
OSM2015_roads_data_big_02.csv,TIGER2018_FACES_data_big_03.csv
OSM2015_roads_data_big_02.csv,TIGER2018_FACES_data_big_04.csv
OSM2015_roads_data_big_02.csv,TIGER2018_FACES_data_big_05.csv
OSM2015_roads_data_big_02.csv,TIGER2018_FACES_data_big_06.csv
OSM2015_roads_data_big_02.csv,TIGER2018_FACES_data_big_09.csv
OSM2015_roads_data_big_02.csv,TIGER2018_FACES_data_big_10.csv
OSM2015_roads_data_big_02.csv,TIGER2018_FACES_data_big_11.csv
OSM2015_roads_data_big_02.csv,TIGER2018_FACES_data_big_12.csv
OSM2015_roads_data_big_02.csv,TIGER2018_FACES_data_big_13.csv
OSM2015_roads_data_big_02.csv,TIGER2018_FACES_data_big_16.csv
OSM2015_roads_data_big_02.csv,TIGER2018_FACES_data_big_17.csv
OSM2015_roads_data_big_02.csv,TIGER2018_FACES_data_big_18.csv
OSM2015_roads_data_big_02.csv,TIGER2018_FACES_data_big_19.csv
OSM2015_roads_data_big_02.csv,TIGER2018_FACES_data_big_20.csv
OSM2015_roads_data_big_02.csv,TIGER2018_FACES_data_big_23.csv
OSM2015_roads_data_big_02.csv,TIGER2018_FACES_data_big_24.csv
OSM2015_roads_data_big_02.csv,TIGER2018_FACES_data_big_25.csv
OSM2015_roads_data_big_02.csv,TIGER2018_FACES_data_big_26.csv
OSM2015_roads_data_big_02.csv,TIGER2018_FACES_data_big_31.csv
OSM2015_roads_data_big_02.csv,TIGER2018_FACES_data_big_32.csv
OSM2015_roads_data_big_02.csv,TIGER2018_FACES_data_big_33.csv
OSM2015_roads_data_big_02.csv,TIGER2018_FACES_data_big_40.csv
OSM2015_roads_data_big_02.csv,TIGER2018_FACES_data_big_41.csv
OSM2015_roads_data_big_03.csv,TIGER2017_LINEARWATER_data_big_18.csv
OSM2015_roads_data_big_03.csv,TIGER2017_LINEARWATER_data_big_23.csv
OSM2015_roads_data_big_03.csv,TIGER2018_EDGES_data_big_05.csv
OSM2015_roads_data_big_03.csv,TIGER2018_EDGES_data_big_11.csv
OSM2015_roads_data_big_03.csv,TIGER2018_EDGES_data_big_17.csv
OSM2015_roads_data_big_03.csv,TIGER2018_EDGES_data_big_35.csv
OSM2015_roads_data_big_03.csv,TIGER2018_FACES_data_big_06.csv
OSM2015_roads_data_big_03.csv,TIGER2018_FACES_data_big_13.csv
OSM2015_roads_data_big_03.csv,TIGER2018_FACES_data_big_20.csv
OSM2015_roads_data_big_03.csv,TIGER2018_FACES_data_big_41.csv
OSM2015_roads_data_big_11.csv,OSM2015_buildings_data_big_14.csv
OSM2015_roads_data_big_12.csv,OSM2015_buildings_data_big_15_05.csv
OSM2015_roads_data_big_12.csv,OSM2015_buildings_data_big_21.csv
OSM2015_roads_data_big_13.csv,OSM2015_buildings_data_big_15_05.csv
OSM2015_roads_data_big_13.csv,OSM2015_buildings_data_big_15_06.csv
OSM2015_roads_data_big_13.csv,OSM2015_buildings_data_big_16.csv
OSM2015_roads_data_big_13.csv,OSM2015_buildings_data_big_21.csv
OSM2015_roads_data_big_13.csv,OSM2015_buildings_data_big_22.csv
OSM2015_roads_data_big_17.csv,OSM2015_buildings_data_big_21.csv
OSM2015_roads_data_big_18.csv,OSM2015_buildings_data_big_21.csv
OSM2015_roads_data_big_18.csv,OSM2015_buildings_data_big_22.csv
TIGER2018_EDGES_data_big_02.csv,TIGER2018_FACES_data_big_02.csv
TIGER2018_EDGES_data_big_02.csv,TIGER2018_FACES_data_big_03.csv
TIGER2018_EDGES_data_big_02.csv,TIGER2018_FACES_data_big_09.csv
TIGER2018_EDGES_data_big_02.csv,TIGER2018_FACES_data_big_10.csv
TIGER2018_EDGES_data_big_03.csv,TIGER2018_FACES_data_big_03.csv
TIGER2018_EDGES_data_big_03.csv,TIGER2018_FACES_data_big_04.csv
TIGER2018_EDGES_data_big_03.csv,TIGER2018_FACES_data_big_10.csv
TIGER2018_EDGES_data_big_03.csv,TIGER2018_FACES_data_big_11.csv
TIGER2018_EDGES_data_big_04.csv,TIGER2018_FACES_data_big_04.csv
TIGER2018_EDGES_data_big_04.csv,TIGER2018_FACES_data_big_05.csv
TIGER2018_EDGES_data_big_04.csv,TIGER2018_FACES_data_big_11.csv
TIGER2018_EDGES_data_big_04.csv,TIGER2018_FACES_data_big_12.csv
TIGER2018_EDGES_data_big_05.csv,TIGER2018_FACES_data_big_05.csv
TIGER2018_EDGES_data_big_05.csv,TIGER2018_FACES_data_big_06.csv
TIGER2018_EDGES_data_big_05.csv,TIGER2018_FACES_data_big_12.csv
TIGER2018_EDGES_data_big_05.csv,TIGER2018_FACES_data_big_13.csv
TIGER2018_EDGES_data_big_08.csv,TIGER2018_FACES_data_big_09.csv
TIGER2018_EDGES_data_big_08.csv,TIGER2018_FACES_data_big_10.csv
TIGER2018_EDGES_data_big_08.csv,TIGER2018_FACES_data_big_16.csv
TIGER2018_EDGES_data_big_08.csv,TIGER2018_FACES_data_big_17.csv
TIGER2018_EDGES_data_big_09.csv,TIGER2018_FACES_data_big_10.csv
TIGER2018_EDGES_data_big_09.csv,TIGER2018_FACES_data_big_11.csv
TIGER2018_EDGES_data_big_09.csv,TIGER2018_FACES_data_big_17.csv
TIGER2018_EDGES_data_big_09.csv,TIGER2018_FACES_data_big_18.csv
TIGER2018_EDGES_data_big_10.csv,TIGER2018_FACES_data_big_11.csv
TIGER2018_EDGES_data_big_10.csv,TIGER2018_FACES_data_big_12.csv
TIGER2018_EDGES_data_big_10.csv,TIGER2018_FACES_data_big_18.csv
TIGER2018_EDGES_data_big_10.csv,TIGER2018_FACES_data_big_19.csv
TIGER2018_EDGES_data_big_11.csv,TIGER2018_FACES_data_big_12.csv
TIGER2018_EDGES_data_big_11.csv,TIGER2018_FACES_data_big_13.csv
TIGER2018_EDGES_data_big_11.csv,TIGER2018_FACES_data_big_19.csv
TIGER2018_EDGES_data_big_11.csv,TIGER2018_FACES_data_big_20.csv
TIGER2018_EDGES_data_big_14.csv,TIGER2018_FACES_data_big_16.csv
TIGER2018_EDGES_data_big_14.csv,TIGER2018_FACES_data_big_17.csv
TIGER2018_EDGES_data_big_14.csv,TIGER2018_FACES_data_big_23.csv
TIGER2018_EDGES_data_big_14.csv,TIGER2018_FACES_data_big_24.csv
TIGER2018_EDGES_data_big_15.csv,TIGER2018_FACES_data_big_17.csv
TIGER2018_EDGES_data_big_15.csv,TIGER2018_FACES_data_big_18.csv
TIGER2018_EDGES_data_big_15.csv,TIGER2018_FACES_data_big_24.csv
TIGER2018_EDGES_data_big_15.csv,TIGER2018_FACES_data_big_25.csv
TIGER2018_EDGES_data_big_16.csv,TIGER2018_FACES_data_big_18.csv
TIGER2018_EDGES_data_big_16.csv,TIGER2018_FACES_data_big_19.csv
TIGER2018_EDGES_data_big_16.csv,TIGER2018_FACES_data_big_25.csv
TIGER2018_EDGES_data_big_16.csv,TIGER2018_FACES_data_big_26.csv
TIGER2018_EDGES_data_big_17.csv,TIGER2018_FACES_data_big_19.csv
TIGER2018_EDGES_data_big_17.csv,TIGER2018_FACES_data_big_20.csv
TIGER2018_EDGES_data_big_17.csv,TIGER2018_FACES_data_big_26.csv
TIGER2018_EDGES_data_big_19.csv,TIGER2018_FACES_data_big_23.csv
TIGER2018_EDGES_data_big_20.csv,TIGER2018_FACES_data_big_23.csv
TIGER2018_EDGES_data_big_20.csv,TIGER2018_FACES_data_big_24.csv
TIGER2018_EDGES_data_big_20.csv,TIGER2018_FACES_data_big_31.csv
TIGER2018_EDGES_data_big_21.csv,TIGER2018_FACES_data_big_24.csv
TIGER2018_EDGES_data_big_21.csv,TIGER2018_FACES_data_big_25.csv
TIGER2018_EDGES_data_big_21.csv,TIGER2018_FACES_data_big_31.csv
TIGER2018_EDGES_data_big_21.csv,TIGER2018_FACES_data_big_32.csv
TIGER2018_EDGES_data_big_22.csv,TIGER2018_FACES_data_big_25.csv
TIGER2018_EDGES_data_big_22.csv,TIGER2018_FACES_data_big_26.csv
TIGER2018_EDGES_data_big_22.csv,TIGER2018_FACES_data_big_32.csv
TIGER2018_EDGES_data_big_22.csv,TIGER2018_FACES_data_big_33.csv
TIGER2018_EDGES_data_big_27.csv,TIGER2018_FACES_data_big_31.csv
TIGER2018_EDGES_data_big_27.csv,TIGER2018_FACES_data_big_32.csv
TIGER2018_EDGES_data_big_28.csv,TIGER2018_FACES_data_big_32.csv
TIGER2018_EDGES_data_big_28.csv,TIGER2018_FACES_data_big_33.csv
TIGER2018_EDGES_data_big_28.csv,TIGER2018_FACES_data_big_40.csv
TIGER2018_EDGES_data_big_34.csv,TIGER2018_FACES_data_big_40.csv
TIGER2018_EDGES_data_big_35.csv,TIGER2018_FACES_data_big_40.csv
TIGER2018_EDGES_data_big_35.csv,TIGER2018_FACES_data_big_41.csv